City_ID,City,Country,Date,Lat,Lng,Max Temp,Humidity,Cloudiness,Wind Speed
0,Somerset West,ZA,2021-09-23 06:22:30,-34.084,18.8211,65.07,45,65,8.01
1,Port Elizabeth,ZA,2021-09-23 06:18:35,-33.918,25.5701,61.09,77,0,5.75
2,Sembakung,ID,2021-09-23 06:22:31,3.8167,117.25,80.53,90,100,1.95
3,Mehran,IR,2021-09-23 06:22:31,33.1222,46.1646,92.68,13,0,4.81
4,Coihaique,CL,2021-09-23 06:22:32,-45.5752,-72.0662,48.15,71,90,8.05
5,Butaritari,KI,2021-09-23 06:22:33,3.0707,172.7902,83.05,71,49,13.2
6,Pevek,RU,2021-09-23 06:22:33,69.7008,170.3133,29.75,73,98,3.11
7,Saskylakh,RU,2021-09-23 06:22:33,71.9167,114.0833,34.23,100,100,7.11
8,Gat,IL,2021-09-23 06:22:34,31.61,34.7642,79.48,100,1,12.91
9,Kaitangata,NZ,2021-09-23 06:22:35,-46.2817,169.8464,50.56,79,97,3.74
10,Dikson,RU,2021-09-23 06:22:35,73.5069,80.5464,35.24,76,95,5.75
11,Ushuaia,AR,2021-09-23 06:22:36,-54.8,-68.3,38.86,70,0,10.36
12,San Andres,CO,2021-09-23 06:22:36,12.5847,-81.7006,78.82,89,20,2.3
13,Barrow,US,2021-09-23 06:22:37,71.2906,-156.7887,30.22,69,75,16.11
14,Punta Arenas,CL,2021-09-23 06:22:37,-53.15,-70.9167,39.31,70,0,14.97
15,Bubaque,GW,2021-09-23 06:22:38,11.2833,-15.8333,79.25,83,100,13.2
16,Rikitea,PF,2021-09-23 06:22:39,-23.1203,-134.9692,74.25,74,9,21.59
17,Ribeira Grande,PT,2021-09-23 06:22:39,38.5167,-28.7,66.6,82,20,5.75
18,Atar,MR,2021-09-23 06:22:40,20.5169,-13.0499,83.88,23,17,8.7
19,Yumen,CN,2021-09-23 06:22:40,40.2833,97.2,69.69,20,76,15.57
20,Mananara,MG,2021-09-23 06:22:41,-16.1667,49.7667,75.79,64,22,5.01
21,Kaeo,NZ,2021-09-23 06:22:41,-35.1,173.7833,56.32,79,60,10.85
22,Yarkovo,RU,2021-09-23 06:22:42,57.4028,67.0786,44.24,68,28,5.08
23,Kronshtadt,RU,2021-09-23 06:22:42,59.9936,29.7736,45.28,90,100,10.49
24,Tasiilaq,GL,2021-09-23 06:22:43,65.6145,-37.6368,33.96,63,86,6.89
25,Parana,AR,2021-09-23 06:20:59,-31.732,-60.5238,54.55,95,31,6.71
26,Vaini,TO,2021-09-23 06:22:43,-21.2,-175.2,73.56,88,20,8.05
27,Nanortalik,GL,2021-09-23 06:22:44,60.1432,-45.2371,37.85,80,100,19.08
28,Timberlake,US,2021-09-23 06:22:44,37.3207,-79.2575,62.56,94,90,0.0
29,Funadhoo,MV,2021-09-23 06:22:45,6.15,73.2667,83.28,75,97,15.93
30,Busselton,AU,2021-09-23 06:22:45,-33.65,115.3333,64.09,64,51,17.31
31,Hobart,AU,2021-09-23 06:19:14,-42.8794,147.3294,57.06,49,20,5.99
32,Bredasdorp,ZA,2021-09-23 06:22:46,-34.5322,20.0403,49.32,87,0,3.44
33,Tazovskiy,RU,2021-09-23 06:22:46,67.4667,78.7,37.54,58,10,13.24
34,Ahipara,NZ,2021-09-23 06:22:47,-35.1667,173.1667,55.38,72,68,13.91
35,East London,ZA,2021-09-23 06:22:48,-33.0153,27.9116,65.34,63,0,12.66
36,Karratha,AU,2021-09-23 06:22:48,-20.7377,116.8463,85.46,18,100,15.14
37,Hasaki,JP,2021-09-23 06:22:48,35.7333,140.8333,86.4,73,3,2.64
38,Paamiut,GL,2021-09-23 06:22:49,61.994,-49.6678,34.47,74,37,13.11
39,Bethel,US,2021-09-23 06:22:49,41.3712,-73.414,73.71,90,90,1.01
40,Atuona,PF,2021-09-23 06:22:50,-9.8,-139.0333,77.9,78,24,19.06
41,Benghazi,LY,2021-09-23 06:22:50,32.1167,20.0667,79.05,67,9,11.45
42,Port Hedland,AU,2021-09-23 06:22:51,-20.3167,118.5667,84.25,24,100,16.11
43,Nikolskoye,RU,2021-09-23 06:22:51,59.7035,30.7861,45.01,96,100,4.9
44,Cape Town,ZA,2021-09-23 06:21:10,-33.9258,18.4232,65.12,70,0,14.97
45,Ponta Do Sol,PT,2021-09-23 06:22:52,32.6667,-17.1,72.23,68,100,7.65
46,Narsaq,GL,2021-09-23 06:22:52,60.9167,-46.05,39.42,93,90,4.5
47,Malanje,AO,2021-09-23 06:22:53,-9.5402,16.341,68.11,74,93,4.65
48,Puerto El Triunfo,SV,2021-09-23 06:22:53,13.2833,-88.55,81.52,90,29,5.46
49,Kodiak,US,2021-09-23 06:22:55,57.79,-152.4072,47.71,71,90,19.57
50,Tuktoyaktuk,CA,2021-09-23 06:22:55,69.4541,-133.0374,34.52,77,100,9.44
51,Bengkulu,ID,2021-09-23 06:22:56,-3.8004,102.2655,83.39,74,55,6.55
52,Albany,US,2021-09-23 06:22:48,42.6001,-73.9662,72.68,85,90,1.01
53,Tisovec,SK,2021-09-23 06:22:56,48.6774,19.9436,44.58,79,52,2.68
54,Bluff,NZ,2021-09-23 06:22:57,-46.6,168.3333,55.8,78,91,15.5
55,Sola,VU,2021-09-23 06:22:58,-13.8833,167.55,81.27,78,75,0.0
56,Kysyl-Syr,RU,2021-09-23 06:22:58,63.8986,122.7617,50.32,53,92,3.44
57,Fuengirola,ES,2021-09-23 06:22:59,36.54,-4.6247,71.6,86,40,2.3
58,Khatanga,RU,2021-09-23 06:22:59,71.9667,102.5,36.05,97,100,2.15
59,Shimoda,JP,2021-09-23 06:23:00,34.6667,138.95,82.76,61,25,19.06
60,Limenaria,GR,2021-09-23 06:23:00,40.6261,24.5786,62.71,87,5,6.71
61,Ixtapa,MX,2021-09-23 06:23:01,20.7,-105.2,82.22,90,94,2.98
62,Port Alfred,ZA,2021-09-23 06:23:01,-33.5906,26.891,70.84,48,79,11.95
63,Thompson,CA,2021-09-23 06:23:02,55.7435,-97.8558,51.96,87,75,5.75
64,Fortuna,US,2021-09-23 06:23:03,40.5982,-124.1573,59.47,67,1,0.0
65,Broken Hill,AU,2021-09-23 06:23:04,-31.95,141.4333,72.93,26,0,10.2
66,Lebu,CL,2021-09-23 06:23:04,-37.6167,-73.65,46.71,86,41,5.37
67,New Norfolk,AU,2021-09-23 06:23:05,-42.7826,147.0587,56.71,57,94,5.99
68,Bandundu,CD,2021-09-23 06:23:05,-3.3167,17.3667,77.25,75,96,4.63
69,Kapaa,US,2021-09-23 06:18:33,22.0752,-159.319,79.12,74,40,1.99
70,Arraial Do Cabo,BR,2021-09-23 06:23:07,-22.9661,-42.0278,65.84,66,95,11.7
71,Zonguldak,TR,2021-09-23 06:23:08,41.25,31.8333,49.05,95,93,3.78
72,Carnarvon,AU,2021-09-23 06:23:08,-24.8667,113.6333,75.27,64,16,14.97
73,Norman Wells,CA,2021-09-23 06:23:08,65.282,-126.8329,33.84,93,75,12.66
74,Flinders,AU,2021-09-23 06:23:09,-34.5833,150.8552,77.25,51,1,4.54
75,Mataura,NZ,2021-09-23 06:23:10,-46.1927,168.8643,55.47,80,96,2.37
76,Crib Point,AU,2021-09-23 06:23:10,-38.35,145.2,71.35,66,0,12.3
77,Svetlyy,RU,2021-09-23 06:23:11,54.675,20.1347,51.85,88,95,13.4
78,Guiratinga,BR,2021-09-23 06:23:11,-16.3494,-53.7583,78.21,32,39,2.51
79,Anloga,GH,2021-09-23 06:23:12,5.7947,0.8973,77.22,90,100,7.85
80,Sitka,US,2021-09-23 06:23:13,57.0531,-135.33,49.89,66,90,11.5
81,Mehamn,NO,2021-09-23 06:23:13,71.0357,27.8492,46.35,76,0,26.46
82,Coquimbo,CL,2021-09-23 06:23:14,-29.9533,-71.3436,49.73,76,0,4.61
83,Juba,SS,2021-09-23 06:23:14,4.8517,31.5825,78.53,71,18,1.34
84,Hilo,US,2021-09-23 06:23:15,19.7297,-155.09,74.93,87,75,4.61
85,Lasa,IT,2021-09-23 06:23:16,46.6166,10.7002,53.06,53,58,1.48
86,Naze,JP,2021-09-23 06:23:16,28.3667,129.4833,85.12,61,0,12.71
87,Lompoc,US,2021-09-23 06:23:16,34.6391,-120.4579,60.48,90,90,3.44
88,Lebanon,US,2021-09-23 06:23:17,36.2081,-86.2911,54.59,78,1,0.0
89,Comodoro Rivadavia,AR,2021-09-23 06:23:18,-45.8667,-67.5,58.86,41,0,20.71
90,Codrington,AU,2021-09-23 06:23:18,-38.2667,141.9667,61.18,68,0,17.43
91,Kualakapuas,ID,2021-09-23 06:23:19,-3.0091,114.3876,91.56,45,75,1.86
92,Jamestown,US,2021-09-23 06:21:58,42.097,-79.2353,63.99,97,90,4.0
93,Sao Felix Do Xingu,BR,2021-09-23 06:23:19,-6.6447,-51.995,74.46,60,36,1.7
94,Klaksvik,FO,2021-09-23 06:23:20,62.2266,-6.589,43.72,65,75,33.35
95,Aanekoski,FI,2021-09-23 06:23:20,62.6946,25.818,41.68,87,100,10.0
96,Chokurdakh,RU,2021-09-23 06:23:21,70.6333,147.9167,34.32,56,99,2.06
97,Mount Gambier,AU,2021-09-23 06:18:46,-37.8333,140.7667,58.91,77,75,17.27
98,Upernavik,GL,2021-09-23 06:23:22,72.7868,-56.1549,22.66,81,100,6.82
99,Quelimane,MZ,2021-09-23 06:23:22,-17.8786,36.8883,71.55,94,75,4.61
100,Jiujiang,CN,2021-09-23 06:23:23,29.7333,115.9833,92.39,40,4,6.49
101,Lichtenburg,ZA,2021-09-23 06:23:23,-26.152,26.1597,56.03,59,0,16.73
102,Cherdyn,RU,2021-09-23 06:23:24,60.403,56.4787,45.39,65,14,2.86
103,Ornskoldsvik,SE,2021-09-23 06:23:24,63.2909,18.7153,51.62,100,90,14.97
104,Hermanus,ZA,2021-09-23 06:23:25,-34.4187,19.2345,64.9,56,62,8.32
105,Haines Junction,CA,2021-09-23 06:23:25,60.7522,-137.5108,30.15,93,100,1.14
106,Kruisfontein,ZA,2021-09-23 06:23:26,-34.0033,24.7314,65.88,34,39,11.86
107,Goundam,ML,2021-09-23 06:23:26,16.4145,-3.6708,83.43,58,84,18.59
108,Dingle,PH,2021-09-23 06:24:42,10.9995,122.6711,86.49,70,100,5.35
109,Dom Pedrito,BR,2021-09-23 06:24:42,-30.9828,-54.6731,53.26,82,59,7.78
110,Nago,JP,2021-09-23 06:24:43,26.5881,127.9761,87.87,71,24,11.48
111,Katsuura,JP,2021-09-23 06:24:43,35.1333,140.3,86.11,65,11,16.67
112,Yellowknife,CA,2021-09-23 06:24:45,62.456,-114.3525,46.92,100,90,4.61
113,Matara,LK,2021-09-23 06:22:19,5.9485,80.5353,87.4,64,35,12.88
114,Santa Rosalia,MX,2021-09-23 06:24:46,27.3167,-112.2833,83.8,56,18,2.33
115,Port Macquarie,AU,2021-09-23 06:24:46,-31.4333,152.9167,73.36,50,0,12.57
116,Alikovo,RU,2021-09-23 06:24:47,55.7383,46.7549,49.87,86,99,13.56
117,La Ronge,CA,2021-09-23 06:24:47,55.1001,-105.2842,53.85,87,40,2.3
118,Show Low,US,2021-09-23 06:24:48,34.2542,-110.0298,64.11,40,1,6.91
119,Puerto Ayora,EC,2021-09-23 06:24:48,-0.7393,-90.3518,68.95,91,94,9.51
120,Clyde River,CA,2021-09-23 06:24:49,70.4692,-68.5914,29.17,87,98,12.46
121,Ilulissat,GL,2021-09-23 06:24:49,69.2167,-51.1,24.82,50,40,6.91
122,Padang,ID,2021-09-23 06:24:49,-0.9492,100.3543,87.85,71,95,5.57
123,Geraldton,AU,2021-09-23 06:24:50,-28.7667,114.6,77.41,41,0,19.57
124,Kewanee,US,2021-09-23 06:24:50,41.2456,-89.9248,52.59,67,0,7.65
125,Atyrau,KZ,2021-09-23 06:24:51,47.1167,51.8833,69.82,23,75,24.61
126,Lagoa,PT,2021-09-23 06:24:51,39.05,-27.9833,69.3,70,2,11.07
127,Faanui,PF,2021-09-23 06:24:52,-16.4833,-151.75,77.77,70,4,9.15
128,Kenai,US,2021-09-23 06:24:52,60.5544,-151.2583,44.15,73,1,4.61
129,Wadi Musa,JO,2021-09-23 06:24:53,30.3222,35.4793,65.7,56,44,7.56
130,Burnie,AU,2021-09-23 06:24:53,-41.0667,145.9167,50.92,85,72,12.8
131,Utinga,BR,2021-09-23 06:24:54,-5.8172,-35.3954,75.6,94,20,3.44
132,Salalah,OM,2021-09-23 06:24:54,17.0151,54.0924,86.09,74,40,5.75
133,Chuy,UY,2021-09-23 06:24:55,-33.6971,-53.4616,55.2,78,100,7.29
134,Leningradskiy,RU,2021-09-23 06:24:56,69.3833,178.4167,25.36,74,100,1.9
135,Ostrovnoy,RU,2021-09-23 06:24:57,68.0531,39.5131,44.22,77,0,20.69
136,Saint-Philippe,RE,2021-09-23 06:24:58,-21.3585,55.7679,76.59,76,53,11.14
137,Mar Del Plata,AR,2021-09-23 06:24:46,-38.0023,-57.5575,51.82,93,90,4.61
138,Vestmanna,FO,2021-09-23 06:24:58,62.1564,-7.1664,41.92,87,75,28.77
139,Qaanaaq,GL,2021-09-23 06:24:59,77.484,-69.3632,13.1,56,4,7.56
140,Riyadh,SA,2021-09-23 06:24:15,24.6877,46.7219,93.34,12,8,11.92
141,San Miguel Panan,GT,2021-09-23 06:24:59,14.5333,-91.3667,75.99,92,71,5.5
142,Avarua,CK,2021-09-23 06:21:02,-21.2078,-159.775,69.85,60,20,2.3
143,Ballina,AU,2021-09-23 06:25:00,-28.8667,153.5667,77.18,56,0,12.66
144,Virginia Beach,US,2021-09-23 06:25:01,36.8529,-75.978,79.02,88,99,1.99
145,Bambous Virieux,MU,2021-09-23 06:25:01,-20.3428,57.7575,76.21,64,75,13.8
146,Kadayanallur,IN,2021-09-23 06:25:04,9.0833,77.35,91.6,45,55,10.07
147,Stanger,ZA,2021-09-23 06:25:05,-29.3282,31.2895,64.92,66,0,8.39
148,Coahuayana,MX,2021-09-23 06:25:05,18.7333,-103.6833,77.2,92,4,2.73
149,Biak,ID,2021-09-23 06:25:06,-0.9131,122.8766,79.09,86,73,6.26
150,Nueva Loja,EC,2021-09-23 06:25:06,0.0847,-76.8828,68.34,97,96,1.61
151,Borogontsy,RU,2021-09-23 06:25:07,62.6683,131.1683,54.86,46,57,5.06
152,Vila Franca Do Campo,PT,2021-09-23 06:25:08,37.7167,-25.4333,66.61,77,49,7.65
153,Aquiraz,BR,2021-09-23 06:25:09,-3.9014,-38.3911,79.18,86,55,7.52
154,Pisco,PE,2021-09-23 06:24:21,-13.7,-76.2167,60.03,88,88,12.66
155,Pasighat,IN,2021-09-23 06:25:10,28.0667,95.3333,90.01,55,51,4.59
156,Chapais,CA,2021-09-23 06:25:10,49.7834,-74.8492,42.58,77,100,8.55
157,Mudanya,TR,2021-09-23 06:25:11,40.3753,28.8822,57.85,80,99,6.46
158,Madras,IN,2021-09-23 06:25:11,13.0878,80.2785,85.98,74,75,3.44
159,Thunder Bay,CA,2021-09-23 06:20:27,48.4001,-89.3168,47.98,93,1,4.61
160,Tombouctou,ML,2021-09-23 06:25:12,20.0,-3.0,84.7,12,9,2.64
161,Nata,PA,2021-09-23 06:25:13,8.3333,-80.5167,73.47,93,100,4.88
162,Altamira,BR,2021-09-23 06:25:13,-3.2033,-52.2064,73.54,85,64,3.91
163,Goma,CD,2021-09-23 06:25:14,-1.6792,29.2228,70.09,73,75,6.91
164,Karawang,ID,2021-09-23 06:25:14,-6.3042,107.3079,91.49,41,100,17.0
165,Oshnaviyeh,IR,2021-09-23 06:25:15,37.0397,45.0983,70.05,25,0,8.48
166,Sawtell,AU,2021-09-23 06:25:16,-30.3833,153.1,73.72,53,0,12.66
167,Asau,RO,2021-09-23 06:25:16,46.4333,26.4,47.75,92,100,1.14
168,Flin Flon,CA,2021-09-23 06:25:17,54.7682,-101.865,56.23,60,100,8.19
169,Axim,GH,2021-09-23 06:25:18,4.8699,-2.2405,75.63,92,96,3.31
170,Nadym,RU,2021-09-23 06:24:16,65.5333,72.5167,39.25,87,100,16.55
171,Mangrol,IN,2021-09-23 06:25:19,21.1167,70.1167,82.44,74,100,12.17
172,Petrolina,BR,2021-09-23 06:25:19,-9.3986,-40.5008,78.85,69,0,14.97
173,Kavieng,PG,2021-09-23 06:25:20,-2.5744,150.7967,81.68,76,100,6.98
174,Winnemucca,US,2021-09-23 06:25:20,40.973,-117.7357,65.1,29,20,8.05
175,Saint-Francois,FR,2021-09-23 06:25:21,46.4154,3.9054,45.84,100,90,1.14
176,Arrecife,ES,2021-09-23 06:25:22,28.963,-13.5477,69.87,83,20,3.44
177,Tautira,PF,2021-09-23 06:25:22,-17.7333,-149.15,77.02,71,3,8.39
178,Pitimbu,BR,2021-09-23 06:25:22,-7.4706,-34.8086,72.19,78,43,5.28
179,Anton Lizardo,MX,2021-09-23 06:25:23,19.05,-95.9833,79.21,81,97,15.17
180,Vologda,RU,2021-09-23 06:22:44,59.2187,39.8886,46.98,88,97,8.95
181,Redcar,GB,2021-09-23 06:25:24,54.6166,-1.06,62.85,67,100,5.99
182,Yayva,RU,2021-09-23 06:25:24,59.3303,57.2641,47.1,61,11,2.57
183,Nong Bua,TH,2021-09-23 06:25:25,15.8646,100.5858,85.19,76,87,5.53
184,Georgetown,MY,2021-09-23 06:25:25,5.4112,100.3354,89.55,62,20,6.91
185,Dudinka,RU,2021-09-23 06:25:22,69.4058,86.1778,33.42,78,100,15.26
186,Abulug,PH,2021-09-23 06:25:26,18.4453,121.4533,87.22,69,51,12.59
187,Guerrero Negro,MX,2021-09-23 06:25:27,27.9769,-114.0611,73.42,79,7,10.11
188,Husavik,IS,2021-09-23 06:25:27,66.0449,-17.3389,35.51,79,26,7.36
189,North Branch,US,2021-09-23 06:25:28,45.5113,-92.9802,53.4,96,0,3.24
190,Sioux Lookout,CA,2021-09-23 06:25:28,50.1001,-91.917,55.78,82,1,6.91
191,Wajima,JP,2021-09-23 06:25:29,37.4,136.9,75.88,78,75,16.11
192,Praia Da Vitoria,PT,2021-09-23 06:25:29,38.7333,-27.0667,70.05,78,75,11.05
193,Saint George,US,2021-09-23 06:24:44,37.1041,-113.5841,73.99,21,1,1.01
194,Cidreira,BR,2021-09-23 06:25:30,-30.1811,-50.2056,61.48,66,98,18.14
195,Suicheng,CN,2021-09-23 06:25:30,33.8963,117.9331,87.46,57,59,10.78
196,Namatanai,PG,2021-09-23 06:25:31,-3.6667,152.4333,82.81,72,94,5.21
197,Srednekolymsk,RU,2021-09-23 06:25:32,67.45,153.6833,41.11,50,43,4.56
198,Goure,NE,2021-09-23 06:25:32,13.9835,10.2704,74.01,63,100,5.23
199,Miraflores,MX,2021-09-23 06:25:32,19.2167,-98.8083,57.85,89,57,4.03
200,Tsubata,JP,2021-09-23 06:25:33,36.6667,136.7333,82.22,70,0,15.59
201,Tuatapere,NZ,2021-09-23 06:25:33,-46.1333,167.6833,55.81,78,95,3.09
202,Robertsport,LR,2021-09-23 06:25:34,6.7533,-11.3686,77.23,87,100,4.09
203,Banjar,ID,2021-09-23 06:25:35,-8.19,114.9675,84.06,69,81,2.53
204,Pangnirtung,CA,2021-09-23 06:25:36,66.1451,-65.7125,29.98,64,24,2.3
205,Antsohihy,MG,2021-09-23 06:25:36,-14.8796,47.9875,83.57,35,49,6.6
206,Ubon Ratchathani,TH,2021-09-23 06:25:37,15.1667,105.1667,87.69,64,93,3.38
207,Lavrentiya,RU,2021-09-23 06:25:37,65.5833,-171.0,32.04,63,83,3.18
208,Les Cayes,HT,2021-09-23 06:25:38,18.2,-73.75,78.17,84,5,2.28
209,Korcula,HR,2021-09-23 06:25:38,42.9622,17.1369,54.16,58,25,8.48
210,Omboue,GA,2021-09-23 06:25:39,-1.5746,9.2618,77.43,83,94,5.21
211,Phalaborwa,ZA,2021-09-23 06:25:39,-23.943,31.1411,60.08,63,0,5.28
212,Raudeberg,NO,2021-09-23 06:25:40,61.9875,5.1352,48.87,94,100,7.0
213,Luderitz,NA,2021-09-23 06:25:40,-26.6481,15.1594,59.68,73,8,5.03
214,Severo-Kurilsk,RU,2021-09-23 06:25:41,50.6789,156.125,46.87,93,100,18.81
215,Okhotsk,RU,2021-09-23 06:25:42,59.3833,143.3,55.8,55,3,1.88
216,Provideniya,RU,2021-09-23 06:25:42,64.3833,-173.3,32.11,59,90,4.47
217,New Baltimore,US,2021-09-23 06:25:42,42.6811,-82.7369,55.98,99,90,16.11
218,Doha,QA,2021-09-23 06:25:43,25.2867,51.5333,96.78,27,0,8.05
219,Mahebourg,MU,2021-09-23 06:25:43,-20.4081,57.7,76.24,64,75,13.8
220,Yumbel,CL,2021-09-23 06:25:44,-37.0833,-72.5667,43.52,96,66,3.78
221,Icod De Los Vinos,ES,2021-09-23 06:25:44,28.3724,-16.7119,71.47,77,81,6.44
222,Victoria,HK,2021-09-23 06:24:25,22.2855,114.1577,87.85,81,97,1.01
223,Kaniama,CD,2021-09-23 06:25:44,-7.5667,24.1833,75.43,57,93,1.05
224,Los Llanos De Aridane,ES,2021-09-23 06:25:45,28.6585,-17.9182,67.75,75,40,6.91
225,Santiago Del Estero,AR,2021-09-23 06:25:45,-27.7951,-64.2615,50.81,49,1,6.2
226,Hofn,IS,2021-09-23 06:24:50,64.2539,-15.2082,40.77,51,18,6.26
227,Hagere Selam,ET,2021-09-23 06:25:46,6.4833,38.5167,50.67,90,94,4.52
228,Bady Bassitt,BR,2021-09-23 06:25:47,-20.9181,-49.4453,61.0,20,0,10.36
229,Harer,ET,2021-09-23 06:25:47,9.3094,42.1258,64.35,77,65,10.78
230,Toktogul,KG,2021-09-23 06:25:48,41.8708,72.9402,69.19,28,1,3.91
231,Solnechnyy,RU,2021-09-23 06:25:48,50.7214,136.6319,54.91,46,10,8.9
232,Paita,PE,2021-09-23 06:25:49,-5.0892,-81.1144,63.63,86,40,12.01
233,Longyearbyen,SJ,2021-09-23 06:25:41,78.2186,15.6401,44.44,76,75,13.8
234,Mwinilunga,ZM,2021-09-23 06:25:49,-11.7358,24.4293,72.48,32,32,10.67
235,Castro,BR,2021-09-23 06:25:50,-24.7911,-50.0119,48.16,82,100,11.3
236,Antalaha,MG,2021-09-23 06:25:50,-14.9003,50.2788,76.14,62,53,7.56
237,Mastic Beach,US,2021-09-23 06:25:51,40.7668,-72.8521,74.12,90,1,3.0
238,Abu Dhabi,AE,2021-09-23 06:25:52,24.4667,54.3667,93.31,59,0,4.61
239,Astana,KZ,2021-09-23 06:25:52,51.1801,71.446,48.15,57,40,13.42
240,Shaunavon,CA,2021-09-23 06:23:06,49.6501,-108.4181,53.38,37,80,8.12
241,Isangel,VU,2021-09-23 06:25:53,-19.55,169.2667,69.91,88,96,9.22
242,Yaounde,CM,2021-09-23 06:25:53,3.8667,11.5167,69.33,100,75,0.0
243,Moose Factory,CA,2021-09-23 06:25:54,51.2585,-80.6094,33.8,93,1,2.3
244,Rockhampton,AU,2021-09-23 06:25:54,-23.3833,150.5,76.89,23,0,9.22
245,Nantucket,US,2021-09-23 06:25:55,41.2835,-70.0995,72.09,91,99,19.04
246,Fairbanks,US,2021-09-23 06:22:00,64.8378,-147.7164,33.8,67,1,2.3
247,Kirakira,SB,2021-09-23 06:25:56,-10.4544,161.9205,81.46,82,72,7.23
248,Novoagansk,RU,2021-09-23 06:25:56,61.9449,76.6625,39.25,73,100,9.28
249,Yaroslavl,RU,2021-09-23 06:23:15,57.6299,39.8737,46.2,93,90,8.95
250,Sao Filipe,CV,2021-09-23 06:25:57,14.8961,-24.4956,78.35,77,35,7.54
251,Airai,TL,2021-09-23 06:25:57,-8.9266,125.4092,75.96,37,40,4.21
252,Deputatskiy,RU,2021-09-23 06:25:58,69.3,139.9,38.08,74,97,1.79
253,Sinaloa,MX,2021-09-23 06:22:50,25.0,-107.5,81.1,82,45,3.13
254,Necochea,AR,2021-09-23 06:24:38,-38.5473,-58.7368,50.04,96,100,8.3
255,Garissa,KE,2021-09-23 06:25:59,-0.4536,39.6401,79.52,65,76,17.67
256,Rio Grande,BR,2021-09-23 06:25:59,-32.035,-52.0986,58.62,74,89,17.05
257,Douglas,US,2021-09-23 06:26:00,41.3,-96.167,57.74,73,1,0.0
258,Seymchan,RU,2021-09-23 06:26:00,62.8833,152.4333,47.68,63,85,0.34
259,Visnes,NO,2021-09-23 06:26:01,59.3556,5.2242,54.21,82,75,26.46
260,Nicoya,CR,2021-09-23 06:26:01,10.1483,-85.452,74.75,95,100,2.37
261,Launceston,AU,2021-09-23 06:26:02,-41.45,147.1667,56.84,84,90,5.99
262,Yining,CN,2021-09-23 06:26:02,29.0361,114.5636,94.53,39,4,1.36
263,Bama,NG,2021-09-23 06:26:03,11.5221,13.6856,73.11,88,100,6.73
264,Zeya,RU,2021-09-23 06:26:04,53.75,127.2667,62.55,42,34,3.29
265,Nichinan,JP,2021-09-23 06:26:04,31.6,131.3667,86.95,47,9,3.49
266,Laje,BR,2021-09-23 06:26:05,-10.1833,-40.9667,69.13,83,62,13.2
267,Te Anau,NZ,2021-09-23 06:26:05,-45.4167,167.7167,51.24,90,80,5.59
268,Pangkalanbuun,ID,2021-09-23 06:26:06,-2.6833,111.6167,88.09,60,53,2.04
269,Xai-Xai,MZ,2021-09-23 06:26:06,-25.0519,33.6442,70.21,51,16,5.23
270,Bambanglipuro,ID,2021-09-23 06:26:07,-7.95,110.2833,86.54,60,81,15.3
271,Tiksi,RU,2021-09-23 06:26:07,71.6872,128.8694,42.1,70,100,3.78
272,Hibbing,US,2021-09-23 06:26:08,47.4272,-92.9377,47.7,88,0,4.81
273,Margate,GB,2021-09-23 06:26:08,51.3813,1.3862,54.95,87,68,1.99
274,Praia,CV,2021-09-23 06:26:09,14.9215,-23.5087,77.54,78,20,13.8
275,Mamallapuram,IN,2021-09-23 06:26:10,12.6264,80.1722,86.05,58,98,8.99
276,Ishigaki,JP,2021-09-23 06:26:11,24.3448,124.1572,87.93,74,20,11.5
277,Pochutla,MX,2021-09-23 06:26:11,15.7432,-96.4661,77.83,77,34,4.27
278,Wanaka,NZ,2021-09-23 06:25:31,-44.7,169.15,59.11,46,52,1.01
279,Markova,UA,2021-09-23 06:26:12,48.6758,24.4138,44.19,95,100,4.97
280,Carupano,VE,2021-09-23 06:26:12,10.6678,-63.2585,78.17,90,13,6.38
281,Petauke,ZM,2021-09-23 06:26:13,-14.2426,31.3253,68.09,53,3,11.03
282,Lipin Bor,RU,2021-09-23 06:26:14,60.2622,37.9763,44.91,92,100,9.46
283,Rumoi,JP,2021-09-23 06:26:15,43.9344,141.6428,67.35,86,65,5.08
284,Pringsewu,ID,2021-09-23 06:26:15,-5.3582,104.9744,84.06,73,90,5.19
285,Ust-Koksa,RU,2021-09-23 06:25:12,50.2696,85.6108,50.31,23,100,3.53
286,Sibolga,ID,2021-09-23 06:26:16,1.7427,98.7792,86.58,62,44,6.11
287,Oranjemund,NA,2021-09-23 06:26:17,-28.55,16.4333,59.41,77,3,6.87
288,Fort Morgan,US,2021-09-23 06:26:18,40.2503,-103.8,59.81,24,1,3.44
289,Nguruka,TZ,2021-09-23 06:26:18,-5.1092,31.0419,76.51,41,56,11.5
290,Dong Xoai,VN,2021-09-23 06:25:01,11.5333,106.9167,79.57,80,100,6.04
291,Port Lincoln,AU,2021-09-23 06:26:19,-34.7333,135.8667,65.12,46,0,16.67
292,Kobryn,BY,2021-09-23 06:26:19,52.2138,24.3564,48.15,86,92,7.0
293,Belmonte,BR,2021-09-23 06:26:20,-15.8631,-38.8828,68.5,74,99,15.32
294,Berezanka,UA,2021-09-23 06:26:21,46.8526,31.388,47.86,78,100,9.33
295,Cockburn Town,TC,2021-09-23 06:26:21,21.4612,-71.1419,82.11,78,85,8.19
296,Aloleng,PH,2021-09-23 06:26:22,16.1307,119.7824,86.32,69,89,6.35
297,Calabar,NG,2021-09-23 06:26:22,4.9517,8.322,72.52,97,100,2.39
298,Hithadhoo,MV,2021-09-23 06:24:40,-0.6,73.0833,84.25,71,100,13.82
299,Taltal,CL,2021-09-23 06:26:23,-25.4,-70.4833,57.04,71,0,0.31
300,Mackay,AU,2021-09-23 06:26:01,-21.15,149.2,72.05,64,100,10.36
301,Yangjiang,CN,2021-09-23 06:26:24,21.85,111.9667,86.95,71,96,11.74
302,Asmara,ER,2021-09-23 06:26:25,15.3333,38.9333,67.95,43,88,5.5
303,Manavgat,TR,2021-09-23 06:26:25,36.7867,31.4431,77.41,33,2,5.59
304,Sisimiut,GL,2021-09-23 06:26:26,66.9395,-53.6735,26.19,67,1,8.08
305,Ha Tinh,VN,2021-09-23 06:26:26,18.3333,105.9,85.1,74,49,5.55
306,Tahta,EG,2021-09-23 06:26:27,26.7693,31.5021,84.52,31,0,11.21
307,San Patricio,US,2021-09-23 06:26:25,28.017,-97.5169,80.46,42,16,5.46
308,Richmond,US,2021-09-23 06:22:00,37.5538,-77.4603,76.51,97,90,1.01
309,Verkhoshizhemye,RU,2021-09-23 06:26:27,58.011,49.1038,46.63,72,100,8.21
310,Walvis Bay,NA,2021-09-23 06:26:28,-22.9575,14.5053,47.35,100,90,4.61
311,Pronsk,RU,2021-09-23 06:26:28,54.1048,39.6092,53.22,92,100,3.33
312,Havoysund,NO,2021-09-23 06:26:29,70.9963,24.6622,49.08,81,100,15.82
313,Kalakamati,BW,2021-09-23 06:26:30,-20.5929,27.3121,61.93,57,2,12.5
314,Zyryanka,RU,2021-09-23 06:26:30,65.75,150.85,46.24,46,86,3.87
315,Poum,NC,2021-09-23 06:26:31,-20.2333,164.0167,71.15,65,74,26.26
316,Torbay,CA,2021-09-23 06:24:45,47.6666,-52.7314,57.58,93,40,13.8
317,Kanniyakumari,IN,2021-09-23 06:26:31,8.0833,77.5667,87.24,66,47,21.12
318,Quilpue,CL,2021-09-23 06:26:32,-33.045,-71.4494,48.29,71,0,0.0
319,Davila,PH,2021-09-23 06:26:33,18.4726,120.5763,89.58,71,31,8.72
320,Bardiyah,LY,2021-09-23 06:26:33,31.7561,25.0865,77.14,72,0,13.58
321,Bulawayo,ZW,2021-09-23 06:26:34,-20.15,28.5833,57.99,66,14,13.51
322,Jiuquan,CN,2021-09-23 06:26:34,39.7432,98.5174,68.43,21,99,6.71
323,Kiskunlachaza,HU,2021-09-23 06:26:35,47.1884,19.0093,52.09,77,3,6.93
324,Yinchuan,CN,2021-09-23 06:26:35,38.4681,106.2731,73.65,40,2,4.12
325,Samana,DO,2021-09-23 06:26:36,19.2056,-69.3369,76.66,94,96,3.38
326,Ghatanji,IN,2021-09-23 06:26:37,20.1333,78.3167,85.21,70,62,3.6
327,Saint-Joseph,RE,2021-09-23 06:26:37,-21.3667,55.6167,75.58,73,42,8.57
328,Sabha,LY,2021-09-23 06:26:38,27.0377,14.4283,80.31,16,0,8.37
329,Gao,ML,2021-09-23 06:22:30,16.6362,1.637,83.61,59,40,15.46
330,Mayo,US,2021-09-23 06:26:39,38.8876,-76.5119,77.25,89,75,7.0
331,Zapolyarnyy,RU,2021-09-23 06:26:39,69.4154,30.8136,40.28,70,100,15.9
332,Hamilton,US,2021-09-23 06:25:59,39.1834,-84.5333,54.57,93,90,1.99
333,Berlevag,NO,2021-09-23 06:25:59,70.8578,29.0864,46.4,71,75,29.93
334,Khorinsk,RU,2021-09-23 06:26:40,52.1657,109.7726,50.05,60,96,11.92
335,Udagamandalam,IN,2021-09-23 06:26:41,11.4,76.7,66.33,57,54,2.21
336,Amahai,ID,2021-09-23 06:26:41,-3.3333,128.9167,79.18,85,81,8.5
337,Sydney Mines,CA,2021-09-23 06:26:42,46.2367,-60.2177,64.8,93,20,1.99
338,Chuzhou,CN,2021-09-23 06:26:42,32.3219,118.2978,93.07,30,47,11.5
339,Hun,LY,2021-09-23 06:26:43,29.1268,15.9477,82.89,17,1,6.2
340,Novokayakent,RU,2021-09-23 06:26:43,42.3937,47.9861,60.85,82,100,12.3
341,Tshikapa,CD,2021-09-23 06:26:43,-6.4167,20.8,77.5,69,74,1.66
342,Caravelas,BR,2021-09-23 06:26:44,-17.7125,-39.2481,71.55,64,100,13.0
343,Nome,US,2021-09-23 06:26:44,64.5011,-165.4064,35.67,64,90,9.22
344,Sechura,PE,2021-09-23 06:26:45,-5.5569,-80.8222,64.18,82,58,11.54
345,Maniitsoq,GL,2021-09-23 06:26:46,65.4167,-52.9,30.22,42,80,7.11
346,Sambava,MG,2021-09-23 06:26:46,-14.2667,50.1667,75.72,62,5,10.27
347,Damietta,EG,2021-09-23 06:26:46,31.4165,31.8133,80.49,58,0,13.56
348,Emporia,US,2021-09-23 06:26:47,38.4039,-96.1817,52.0,76,1,8.05
349,Rio Hato,PA,2021-09-23 06:26:47,8.3833,-80.1667,73.15,87,100,6.76
350,Pampa,US,2021-09-23 06:26:48,35.5362,-100.9599,63.55,39,1,16.11
351,Armstrong,AR,2021-09-23 06:26:48,-32.7822,-61.6022,49.59,96,29,4.25
352,Adre,TD,2021-09-23 06:26:49,13.4667,22.2,77.04,71,100,5.08
353,Balangiga,PH,2021-09-23 06:26:49,11.1097,125.3875,84.16,75,92,3.56
354,Svetlogorsk,BY,2021-09-23 06:26:50,52.6333,29.7333,41.34,95,100,3.27
355,Ucluelet,CA,2021-09-23 06:21:52,48.9329,-125.5528,57.09,93,96,4.18
356,Broome,US,2021-09-23 06:26:50,42.2506,-75.833,72.84,76,75,1.99
357,Galesong,ID,2021-09-23 06:26:51,-5.3166,119.3661,87.82,60,97,3.24
358,Yatou,CN,2021-09-23 06:26:51,37.15,122.3833,76.82,49,66,5.01
359,Bilibino,RU,2021-09-23 06:26:52,68.0546,166.4372,27.91,89,100,3.24
360,Manado,ID,2021-09-23 06:26:52,1.487,124.8455,81.37,89,40,1.14
361,Tirur,IN,2021-09-23 06:26:53,10.9,75.9167,86.99,65,59,12.03
362,Vardo,NO,2021-09-23 06:26:53,70.3705,31.1107,44.8,81,75,28.77
363,Portland,US,2021-09-23 06:25:10,45.5234,-122.6762,64.45,84,90,1.99
364,Tupanatinga,BR,2021-09-23 06:26:54,-8.7533,-37.3397,67.01,90,66,5.01
365,Cayenne,GF,2021-09-23 06:26:54,4.9333,-52.3333,78.1,88,75,1.14
366,Bulgan,MN,2021-09-23 06:26:55,48.8125,103.5347,51.08,55,20,5.14
367,Iranshahr,IR,2021-09-23 06:23:46,27.2025,60.6848,97.14,23,1,4.61
368,Nisia Floresta,BR,2021-09-23 06:26:56,-6.0911,-35.2086,75.58,88,34,2.8
369,Iqaluit,CA,2021-09-23 06:26:56,63.7506,-68.5145,31.73,80,90,4.61
370,Diamantino,BR,2021-09-23 06:26:57,-14.4086,-56.4461,78.94,40,15,2.44
371,Buala,SB,2021-09-23 06:26:57,-8.145,159.5921,82.53,74,72,3.94
372,Atasu,KZ,2021-09-23 06:26:58,48.6814,71.6433,52.02,32,17,10.16
373,Muros,ES,2021-09-23 06:26:59,42.7762,-9.0603,62.83,74,0,13.65
374,Mabaruma,GY,2021-09-23 06:26:59,8.2,-59.7833,73.49,93,12,1.88
375,Rypefjord,NO,2021-09-23 06:27:00,70.6333,23.6667,48.67,76,75,12.66
376,Lorengau,PG,2021-09-23 06:27:00,-2.0226,147.2712,83.08,75,83,10.22
377,Nabire,ID,2021-09-23 06:27:01,-3.3667,135.4833,81.66,84,100,2.44
378,Makakilo City,US,2021-09-23 06:27:02,21.3469,-158.0858,79.12,70,1,4.61
379,Half Moon Bay,US,2021-09-23 06:25:07,37.4636,-122.4286,66.88,86,90,0.0
380,Kamisu,JP,2021-09-23 06:27:02,35.8907,140.6686,86.43,73,32,7.31
381,Zhanaozen,KZ,2021-09-23 06:27:03,43.3,52.8,75.31,14,73,22.35
382,Dutlwe,BW,2021-09-23 06:27:03,-23.9833,23.9,59.52,62,15,20.04
383,Luanda,AO,2021-09-23 06:22:23,-8.8368,13.2343,71.6,88,75,1.14
384,Linkou,CN,2021-09-23 06:27:04,45.3,130.2833,60.39,55,95,13.69
385,Kardymovo,RU,2021-09-23 06:27:04,54.8902,32.4311,41.31,98,100,2.44
386,Kitui,KE,2021-09-23 06:27:05,-1.367,38.0106,70.16,53,7,10.78
387,Kavaratti,IN,2021-09-23 06:27:05,10.5669,72.642,82.45,76,98,17.38
388,Waggaman,US,2021-09-23 06:27:06,29.9185,-90.2109,71.6,65,1,5.99
389,Vila Velha,BR,2021-09-23 06:24:10,-20.3297,-40.2925,66.15,59,40,9.22
390,Bima,ID,2021-09-23 06:27:06,-8.4667,118.7167,92.55,44,82,3.96
391,San Cristobal,VE,2021-09-23 06:27:07,7.7669,-72.225,65.05,95,92,2.89
392,Tralee,IE,2021-09-23 06:27:07,52.2704,-9.7026,55.45,95,70,6.2
393,Jalu,LY,2021-09-23 06:27:08,29.0331,21.5482,83.21,29,0,8.01
394,Puerto Baquerizo Moreno,EC,2021-09-23 06:27:08,-0.9,-89.6,68.92,90,99,12.15
395,Port Blair,IN,2021-09-23 06:27:08,11.6667,92.75,86.04,89,75,13.8
396,Murud,IN,2021-09-23 06:27:09,18.3258,72.965,82.18,77,56,4.65
397,Leh,IN,2021-09-23 06:22:40,34.1667,77.5833,57.27,38,98,5.79
398,Komsomolskiy,UZ,2021-09-23 06:27:10,40.4272,71.7189,76.42,22,0,4.61
399,Vacaria,BR,2021-09-23 06:27:10,-28.5122,-50.9339,43.7,93,71,10.54
400,Sivas,TR,2021-09-23 06:27:10,39.7916,37.0019,48.83,100,75,8.05
401,Carauari,BR,2021-09-23 06:27:11,-4.8828,-66.8958,72.57,99,100,2.53
402,Fuerte Olimpo,PY,2021-09-23 06:27:11,-21.0415,-57.8738,71.2,68,86,6.26
403,Aguimes,ES,2021-09-23 06:27:12,27.9054,-15.4461,68.63,71,40,8.05
404,Zhaotong,CN,2021-09-23 06:27:12,27.3167,103.7167,74.19,59,25,7.99
405,Brindisi,IT,2021-09-23 06:23:00,40.5833,17.6667,66.56,49,19,19.51
406,Alcaniz,ES,2021-09-23 06:27:13,41.05,-0.1333,63.75,82,100,2.8
407,Rawson,AR,2021-09-23 06:27:14,-43.3002,-65.1023,57.09,46,43,11.32
408,Saint Anthony,US,2021-09-23 06:27:14,45.0205,-93.218,54.72,87,1,0.0
409,Tha Mai,TH,2021-09-23 06:27:14,12.6214,102.0048,86.34,80,94,5.77
410,Panguna,PG,2021-09-23 06:27:15,-6.3164,155.4848,76.19,78,100,1.72
411,Batticaloa,LK,2021-09-23 06:27:16,7.7102,81.6924,86.81,65,68,9.51
412,Nha Trang,VN,2021-09-23 06:27:16,12.25,109.1833,84.2,83,100,6.33
413,Kampene,CD,2021-09-23 06:27:17,-3.6,26.6667,77.9,65,100,3.02
414,Bay Roberts,CA,2021-09-23 06:27:17,47.5999,-53.2648,58.33,89,100,5.01
415,Lazaro Cardenas,MX,2021-09-23 06:27:17,17.9583,-102.2,77.88,91,31,3.67
416,Zhangjiakou,CN,2021-09-23 06:22:58,40.81,114.8794,75.79,54,4,9.82
417,Pokrovka,KG,2021-09-23 06:27:18,42.3414,78.0056,63.05,40,22,7.67
418,Champerico,GT,2021-09-23 06:26:04,14.3,-91.9167,80.35,83,93,3.67
419,Anuchino,RU,2021-09-23 06:27:19,43.9622,133.0544,52.45,98,100,3.06
420,Santa Maria,BR,2021-09-23 06:27:19,-29.6842,-53.8069,52.27,90,52,8.16
421,Mandan,US,2021-09-23 06:27:19,46.8267,-100.8896,60.78,62,1,10.36
422,Bellefontaine,US,2021-09-23 06:27:20,40.3612,-83.7597,50.83,97,90,9.22
423,Verkh-Usugli,RU,2021-09-23 06:27:21,52.7,115.1667,49.75,83,98,9.78
424,Cherskiy,RU,2021-09-23 06:27:05,68.75,161.3,32.41,89,100,5.61
425,Juneau,US,2021-09-23 06:27:14,58.3019,-134.4197,46.4,92,90,9.22
426,Camacupa,AO,2021-09-23 06:27:21,-12.0167,17.4833,70.52,23,93,2.66
427,Ugoofaaru,MV,2021-09-23 06:26:29,5.6667,73.0,83.28,76,80,14.92
428,Lerwick,GB,2021-09-23 06:27:22,60.1545,-1.1494,50.0,78,85,36.86
429,Marsa Matruh,EG,2021-09-23 06:27:22,31.3525,27.2453,77.2,78,0,10.36
430,Charlottesville,US,2021-09-23 06:27:23,38.0293,-78.4767,65.05,96,90,1.01
431,Ouadda,CF,2021-09-23 06:27:23,8.0777,22.4007,70.93,92,92,1.36
432,Ossora,RU,2021-09-23 06:27:23,59.2353,163.0719,49.62,83,100,3.36
433,Caucaia,BR,2021-09-23 06:25:45,-3.7361,-38.6531,79.03,77,20,9.22
434,Lata,PT,2021-09-23 06:27:24,40.1629,-8.3327,60.08,91,100,5.12
435,Santa Maria Do Suacui,BR,2021-09-23 06:27:25,-18.1903,-42.4142,63.86,77,61,6.44
436,Mogadishu,SO,2021-09-23 06:27:17,2.0371,45.3438,79.72,79,23,15.03
437,Buraydah,SA,2021-09-23 06:27:25,26.326,43.975,88.25,13,13,3.49
438,Constitucion,CL,2021-09-23 06:27:26,-35.3333,-72.4167,49.17,86,84,8.5
439,Jining,CN,2021-09-23 06:27:26,35.405,116.5814,84.85,69,99,10.71
440,Ginda,IN,2021-09-23 06:27:27,30.6945,78.4932,68.59,66,100,3.06
441,Northam,GB,2021-09-23 06:27:27,51.0333,-4.2167,61.66,90,69,10.94
442,Susehri,TR,2021-09-23 06:27:28,40.1644,38.0867,55.67,66,91,2.95
443,Honiara,SB,2021-09-23 06:27:28,-9.4333,159.95,81.28,81,97,2.86
444,Saint-Georges,GD,2021-09-23 06:23:30,12.0564,-61.7485,82.08,78,20,6.91
445,Souillac,MU,2021-09-23 06:27:29,-20.5167,57.5167,76.35,64,75,13.8
446,Ust-Omchug,RU,2021-09-23 06:27:29,61.15,149.6333,47.86,62,11,1.74
447,Vassouras,BR,2021-09-23 06:27:29,-22.4039,-43.6625,59.56,89,12,1.63
448,Nouadhibou,MR,2021-09-23 06:27:30,20.931,-17.0347,69.78,88,3,13.8
449,Saint-Leu,RE,2021-09-23 06:27:30,-21.15,55.2833,76.06,65,27,4.12
450,Oriximina,BR,2021-09-23 06:27:31,-1.7656,-55.8661,75.7,78,71,6.04
451,Dubovyy Umet,RU,2021-09-23 06:27:31,52.9763,50.2857,49.89,47,100,13.42
452,Bastia,FR,2021-09-23 06:27:32,42.6667,9.3333,71.02,69,0,3.44
453,Awbari,LY,2021-09-23 06:27:32,26.5921,12.7805,78.37,16,0,7.61
454,Rocha,UY,2021-09-23 06:27:32,-34.4833,-54.3333,51.22,90,99,6.04
455,Miedzychod,PL,2021-09-23 06:27:33,52.5988,15.897,52.66,87,49,10.16
456,Surt,LY,2021-09-23 06:27:33,31.2089,16.5887,82.69,45,1,6.89
457,Chichli,IN,2021-09-23 06:27:34,22.8333,78.8167,85.3,67,15,4.68
458,La Union,PE,2021-09-23 06:27:34,-5.4,-80.75,64.6,80,48,11.39
459,Belen,TR,2021-09-23 06:27:35,36.4891,36.2233,66.02,100,75,9.22
460,Santa Lucia,ES,2021-09-23 06:27:35,27.9117,-15.5407,63.72,72,40,8.05
461,Tabuating,PH,2021-09-23 06:27:35,15.3891,120.9386,91.02,58,100,5.82
462,Sur,OM,2021-09-23 06:27:36,22.5667,59.5289,94.05,46,39,0.94
463,Petropavlovsk-Kamchatskiy,RU,2021-09-23 06:27:36,53.0452,158.6483,52.39,66,20,6.71
464,Lyndon,US,2021-09-23 06:27:37,38.2567,-85.6016,57.02,89,90,1.99
465,Tres Arroyos,AR,2021-09-23 06:27:37,-38.3739,-60.2798,47.73,93,100,10.65
466,Umm Lajj,SA,2021-09-23 06:27:38,25.0213,37.2685,86.29,64,2,3.91
467,Grindavik,IS,2021-09-23 06:27:38,63.8424,-22.4338,41.47,81,90,12.66
468,Mayskiy,RU,2021-09-23 06:27:38,47.6931,40.1025,54.81,54,100,6.51
469,Hirado,JP,2021-09-23 06:24:12,33.3597,129.5531,83.55,59,90,9.6
470,Jinka,ET,2021-09-23 06:27:39,5.65,36.65,70.7,62,91,6.51
471,Pinawa,CA,2021-09-23 06:27:40,50.1489,-95.8811,59.59,43,7,11.03
472,Tarakan,ID,2021-09-23 06:25:06,3.3,117.6333,80.1,83,75,5.75
473,Sinnamary,GF,2021-09-23 06:27:41,5.3833,-52.95,79.21,85,74,8.66
474,Luba,GQ,2021-09-23 06:27:41,3.4568,8.5547,73.29,93,100,7.67
475,Sao Joao Da Barra,BR,2021-09-23 06:27:42,-21.6403,-41.0511,64.62,64,21,12.77
476,Namibe,AO,2021-09-23 06:27:42,-15.1961,12.1522,65.5,88,77,6.46
477,Broadstairs,GB,2021-09-23 06:27:43,51.3591,1.4394,54.84,84,63,1.01
478,San Luis,AR,2021-09-23 06:26:50,-33.295,-66.3356,55.6,49,7,2.77
479,Krasnoselkup,RU,2021-09-23 06:27:43,65.7,82.4667,37.83,67,100,18.01
480,Baykit,RU,2021-09-23 06:27:44,61.67,96.37,36.43,89,100,8.68
481,Hami,CN,2021-09-23 06:27:44,42.8,93.45,76.82,14,2,4.05
482,Parbhani,IN,2021-09-23 06:27:45,19.2667,76.7833,77.77,83,99,9.48
483,Bandarbeyla,SO,2021-09-23 06:27:45,9.4942,50.8122,86.68,53,62,23.82
484,Vilcun,CL,2021-09-23 06:27:46,-38.65,-72.2333,34.54,97,44,1.21
485,Medina,SA,2021-09-23 06:25:54,24.4686,39.6142,93.63,21,0,4.61
486,Kondinskoye,RU,2021-09-23 06:27:47,59.6481,67.41,43.43,77,68,6.62
487,Turbat,PK,2021-09-23 06:27:47,26.0023,63.044,90.91,46,12,4.16
488,Merrill,US,2021-09-23 06:26:18,45.1805,-89.6835,45.03,97,1,0.0
489,Atikokan,CA,2021-09-23 06:27:48,48.7555,-91.6216,47.61,90,0,5.57
490,Saldanha,ZA,2021-09-23 06:27:49,-33.0117,17.9442,57.25,85,52,8.72
491,Florence,IT,2021-09-23 06:25:34,43.7667,11.25,62.29,73,0,3.44
492,Vilhena,BR,2021-09-23 06:27:50,-12.7406,-60.1458,74.46,42,34,1.32
493,Puerto Leguizamo,CO,2021-09-23 06:27:50,-0.1934,-74.7819,70.77,99,100,2.93
494,Port Augusta,AU,2021-09-23 06:27:51,-32.5,137.7667,79.7,22,0,8.34
495,Khash,IR,2021-09-23 06:27:52,28.2211,61.2158,84.79,14,0,3.02
496,Tulum,MX,2021-09-23 06:27:52,20.2167,-87.4667,80.65,95,99,4.0
497,Keetmanshoop,NA,2021-09-23 06:27:53,-26.5833,18.1333,67.12,16,0,3.56
498,Meulaboh,ID,2021-09-23 06:27:53,4.1363,96.1285,85.19,69,34,5.41
499,Vredendal,ZA,2021-09-23 06:27:54,-31.6683,18.5012,62.51,63,21,4.41
500,Puerto Escondido,MX,2021-09-23 06:27:54,15.85,-97.0667,78.73,82,34,5.12
501,Poso,ID,2021-09-23 06:27:55,-1.3959,120.7524,84.94,67,82,5.19
502,Bani,DO,2021-09-23 06:27:55,18.2833,-70.3333,80.85,85,41,2.08
503,Turochak,RU,2021-09-23 06:27:56,52.2576,87.1224,45.39,59,100,4.97
504,Butembo,CD,2021-09-23 06:27:56,0.15,29.2833,62.28,87,98,2.55
505,Sungaipenuh,ID,2021-09-23 06:27:57,-2.0833,101.3833,75.56,77,100,1.86
506,Borovskoy,KZ,2021-09-23 06:27:57,53.8,64.15,50.02,44,48,9.04
507,Quirinopolis,BR,2021-09-23 06:27:58,-18.4483,-50.4517,72.39,42,0,9.1
508,Acapulco,MX,2021-09-23 06:27:58,16.8634,-99.8901,80.51,85,54,2.53
509,Uglegorsk,RU,2021-09-23 06:27:59,49.0833,142.0333,55.85,68,64,18.84
510,Bontang,ID,2021-09-23 06:27:59,0.1333,117.5,83.61,68,57,8.1
511,Sorland,NO,2021-09-23 06:28:00,67.667,12.6934,49.86,76,40,21.85
512,Druzhba,UA,2021-09-23 06:28:00,52.0428,33.9453,42.89,93,100,5.86
513,Pathein,MM,2021-09-23 06:28:01,16.7833,94.7333,75.56,96,100,8.97
514,Gunjur,GM,2021-09-23 06:28:01,13.2019,-16.7339,78.87,100,40,6.71
515,Cacequi,BR,2021-09-23 06:28:02,-29.8836,-54.825,54.97,81,58,13.69
516,Jagdalpur,IN,2021-09-23 06:28:03,19.0667,82.0333,85.71,63,92,3.02
517,Vagamo,NO,2021-09-23 06:28:03,61.8751,9.0967,44.78,82,86,3.4
518,Labuhan,ID,2021-09-23 06:28:04,-6.8844,112.2051,88.38,60,90,15.05
519,Tiznit,MA,2021-09-23 06:28:05,29.5833,-9.5,61.3,78,86,1.83
520,Khatima,IN,2021-09-23 06:28:05,28.9167,79.9667,87.03,65,26,5.08
521,Esperance,AU,2021-09-23 06:28:06,-33.8667,121.9,64.24,74,29,14.83
522,Olafsvik,IS,2021-09-23 06:24:39,64.8945,-23.7142,44.15,70,69,13.2
523,Nalut,LY,2021-09-23 06:28:06,30.3333,10.85,78.08,16,1,7.61
524,Acarau,BR,2021-09-23 06:24:22,-2.8856,-40.12,76.15,86,81,11.63
525,Uttaradit,TH,2021-09-23 06:28:07,17.6667,100.5,83.16,86,89,1.63
526,New Glasgow,CA,2021-09-23 06:28:07,45.5834,-62.6486,62.78,95,64,7.29
527,Egvekinot,RU,2021-09-23 06:24:47,66.3167,-179.1667,24.51,84,100,1.48
528,Carutapera,BR,2021-09-23 06:28:08,-1.195,-46.02,78.13,80,78,7.2
529,Livingston,GB,2021-09-23 06:25:37,55.9029,-3.5226,56.23,85,75,19.57
530,Ahuimanu,US,2021-09-23 06:28:09,21.4447,-157.8378,80.31,73,40,14.97
531,Staryy Nadym,RU,2021-09-23 06:28:09,65.6118,72.6842,38.88,90,100,16.58
532,Mae Sot,TH,2021-09-23 06:28:10,16.7167,98.5667,85.95,66,75,3.44
533,Quatre Cocos,MU,2021-09-23 06:28:10,-20.2078,57.7625,76.08,69,13,13.4
534,Sokoni,TZ,2021-09-23 06:28:11,-6.4333,39.55,77.67,73,3,10.65
535,Rabo De Peixe,PT,2021-09-23 06:28:12,37.8,-25.5833,65.71,77,20,5.75
536,Salym,RU,2021-09-23 06:28:12,60.0625,71.4789,37.13,96,86,5.03
537,Hearst,CA,2021-09-23 06:28:13,49.6835,-83.6665,37.65,85,76,3.76
538,Kloulklubed,PW,2021-09-23 06:28:13,7.0419,134.2556,77.5,86,100,3.89
539,Capao Da Canoa,BR,2021-09-23 06:28:13,-29.7456,-50.0097,61.18,68,98,14.5
540,Tramandai,BR,2021-09-23 06:28:14,-29.9847,-50.1336,61.2,68,95,17.18
541,Nioki,CD,2021-09-23 06:28:15,-2.7167,17.6833,75.09,84,100,2.68
542,Shumikha,RU,2021-09-23 06:28:15,55.2261,63.2961,46.94,56,28,8.32
543,Acajutla,SV,2021-09-23 06:28:16,13.5928,-89.8275,78.22,84,65,5.35
544,Chubbuck,US,2021-09-23 06:28:16,42.9208,-112.4661,60.87,30,1,5.01
545,Demyanovo,RU,2021-09-23 06:28:17,60.3511,47.0842,45.28,73,25,8.66
546,Koumac,NC,2021-09-23 06:28:17,-20.5667,164.2833,71.33,59,54,19.26
547,Tukrah,LY,2021-09-23 06:28:18,32.5341,20.5791,78.06,68,9,10.76
548,Gornopravdinsk,RU,2021-09-23 06:28:19,60.05,69.9,40.41,87,84,6.44
549,Kahului,US,2021-09-23 06:28:19,20.8947,-156.47,77.02,73,20,13.8
550,Karakol,KG,2021-09-23 06:28:20,42.4907,78.3936,65.89,31,34,8.46
551,Byron Bay,AU,2021-09-23 06:28:20,-28.65,153.6167,73.06,63,0,10.67
552,Peekskill,US,2021-09-23 06:28:21,41.2901,-73.9204,74.68,70,93,1.99
553,Samarai,PG,2021-09-23 06:28:21,-10.6167,150.6667,77.61,77,99,18.07
554,Valparaiso,CL,2021-09-23 06:28:22,-33.0393,-71.6273,49.64,71,0,0.0
555,Basco,PH,2021-09-23 06:28:22,20.4487,121.9702,85.06,74,30,14.18
556,Natitingou,BJ,2021-09-23 06:28:23,10.3042,1.3796,69.85,94,100,3.09
557,Wilmington,US,2021-09-23 06:24:40,34.2257,-77.9447,77.97,91,75,5.75
558,Rondonopolis,BR,2021-09-23 06:25:19,-16.4708,-54.6356,82.24,35,19,3.06
559,Gorontalo,ID,2021-09-23 06:28:24,0.5412,123.0595,81.32,87,63,1.72
560,Lososina,RU,2021-09-23 06:28:24,48.9975,140.3106,55.31,62,90,14.23
561,Soyo,AO,2021-09-23 06:28:24,-6.1349,12.3689,77.05,85,100,6.93
562,Jackson,US,2021-09-23 06:24:15,42.4165,-122.8345,64.27,72,1,3.44
563,Kalabo,ZM,2021-09-23 06:28:25,-14.97,22.6814,75.16,28,51,12.33
564,Tiassale,CI,2021-09-23 06:28:25,5.8983,-4.8283,72.23,99,92,1.99
565,Greenville,US,2021-09-23 06:28:13,35.6127,-77.3663,75.97,96,90,10.36
566,Santa Rosa,PH,2021-09-23 06:28:03,14.3122,121.1114,93.18,59,91,9.1
567,Mana,GF,2021-09-23 06:28:26,5.6592,-53.7767,77.99,90,100,8.05
568,Cabo San Lucas,MX,2021-09-23 06:26:07,22.8909,-109.9124,84.51,80,22,9.1
569,Ahmadpur East,PK,2021-09-23 06:28:27,29.1431,71.2598,97.02,40,4,11.3
570,Batagay-Alyta,RU,2021-09-23 06:28:28,67.8006,130.4114,43.56,75,76,4.0
571,Mezen,RU,2021-09-23 06:28:28,65.8522,44.24,43.05,81,5,9.37
572,Chipinge,ZW,2021-09-23 06:28:29,-20.1883,32.6236,59.38,66,38,5.66
